2012来了;2012
梦宅诡影;2012
龙门飞甲;2012
极速天使;2012
亲密敌人;2012
深度谜案;2012
神兵小将;2012
双人床条约;2012
开心魔法;2012
玩命狙击;2012
金陵十三钗;2012
源代码;2012
不明身份;2012
变形金刚3;2012
超能游戏者;2012
百合的故事;2012
丁丁历险记;2012
快乐童年;2012
五月天追梦;2012
里约大冒险;2012
秋瑾;2012
雪花秘扇;2012
铁人王进喜;2012
致命伴旅;2012
建国大业;2012
李米的猜想;2012
父爱无言;2012
三傻大闹宝莱坞;2012
深海之战;2012
人在_途;2012
大明宫传奇;2012
智取威虎山;2012
倾城之泪;2012
少年岳飞传奇;2012
宝葫芦的秘密;2012
蝴蝶飞;2012
回归野性;2012
惊天战神;2012
高考1977;2012
安娜与武林;2012
青红;2012
关云长;2012
功夫梦;2012
不怕贼惦记;2012
追爱;2012
新月魅影;2012
极速先锋;2012
让子弹飞;2012
那些年，我们一起追的女孩;2012
幸福额度;2012
遍地狼烟;2012
摩尔庄园冰世纪;2012
长江七号;2012
白蛇传说;2012
哭泣的拳头;2012
哆啦A梦大雄的恐龙;2012
刀见笑;2012
超蛙战士之初露锋芒;2012
生命监管;2012
杨善洲;2012
唐山大地震;2012
喜羊羊与灰太郎之牛气冲天;2012
画皮;2012
喜羊羊与灰太狼之兔年顶呱呱;2012
翻滚吧！阿信;2012
爱有来生;2012
嘿·店;2012
婚前试爱;2012
速度与激情;2012
密室之不可靠岸;2012
鸿门宴传奇;2012
我们恋爱吧;2012
保持通话;2012
兄弟之生死同盟;2012
机动部队;2012
最后一课;2012
云水谣;2012
连环局;2012
阿童木;2012
铁三角;2012
家有喜事2009;2012
喜羊羊与灰太狼之虎虎生威;2012
葫芦兄弟;2012
火线战将;2012
未营业;2012
功夫;2012
将爱情进行到底;2012
大闹天宫（2011版）;2012
失恋33天;2012
武侠;2012
B+侦探;2012
隋朝来客;2012
东成西就2011;2012
赵氏孤儿（动画）;2012
辛亥革命;2012
孤胆义侠;2012
巨额交易;2012
见龙卸甲;2012
新龙门客栈;2012
集结号;2012
建党伟业;2012
如果·爱;2012
叶问;2012
投名状;2012
狄仁杰之通天帝国;2012
邻家特工;2012
星空;2012
双子神偷;2012
画壁;2012
天安门;2012
名侦探柯南之沉默的15分钟;2012
全球热恋;2012
一个陌生女人的来信;2012
魔法奇幻秀;2012
财神客栈;2012
永无止境;2012
三笑之才子佳人;2012
百合;2012
新少林寺;2012
创战纪;2012
乡恋;2012
星海;2012
未来警察;2012
赤壁(下);2012
神奇侠侣;2012
杨门女将之军令如山;2012
一年到头;2012
赵氏孤儿;2012
淘气包马小跳;2012
麋鹿王;2012
虹猫蓝兔火凤凰;2012
特工的特别任务;2012
误入歧途;2012
美丽密令;2012
赤焰战场;2012
秘岸;2012
天书奇谭;2012
张思德;2012
窈窕绅士;2012
举起手来（之二）追击阿多丸;2012
恋爱前规则;2012
落叶归根;2012
爱情无间道;2012
夺命手机;2012
窃听风云2;2012
张瑞龄;2012
牧马人;2012
美男记;2012
飞天;2012
大灌篮;2012
武林外传;2012
山乡书记;2012
大内密探灵灵狗;2012
上甘岭;2012
爱情真可怕;2012
美好时光;2012
铁血精英;2012
非常完美;2012
日本沉没;2012
风云Ⅱ;2012
红河谷;2012
秋喜;2012
10个约定;2012
疯狂的赛车;2012
恋爱通告;2012
革命家庭;2012
谍海风云;2012
观音山;2012
整编特工;2012
爱情呼叫转移2爱情左右;2012
剑蝶;2012
“杀手”欧阳盆栽;2012
开心大冒险;2012
这里 那里;2012
七个隆冬锵咚锵;2012
喜酒;2012
预见未来;2012
无人驾驶;2012
麦兜响当当;2012
芙蓉镇;2012
绝录求生;2012
游龙戏凤;2012
喜羊羊与灰太狼之开心闯龙年;2012
就是闹着玩的;2012
美人依旧;2012
硬汉;2012
赛车传奇;2012
命运呼叫转移;2012
帝企鹅日记;2012
七小罗汉;2012
光荣岁月;2012
惊涛骇浪;2012
叶问前传;2012
诱饵;2012
穆桂英挂帅;2012
烈火中永生;2012
不能说的秘密;2012
夜店诡谈;2012
72家租客;2012
火海逃生;2012
新地道战2—父子奇兵;2012
蛇咒;2012
彼岸;2012
非诚勿扰II;2012
行歌坐月;2012
开心家族;2012
火龙;2012
线人;2012
天生幻想狂;2012
赛尔号;2012
最爱;2012
血瓷;2012
铠甲勇士之帝皇侠;2012
归途列车;2012
加油中国;2012
到阜阳600里;2012
耳朵大有福;2012
柳堡的女人们;2012
刺陵;2012
雾都孤儿;2012
江山美人;2012
无间道Ⅲ—终极无间;2012
锦衣卫;2012
运河童话;2012
追爱总动员;2012
精武风云陈真;2012
异度公寓;2012
风声;2012
敢死队;2012
少年候德榜;2012
一路惊心;2012
双重身份;2012
雪域追踪;2012
单身男女;2012
铁甲钢拳;2012
功夫咏春;2012
QQ女人心;2012
戒烟不戒酒;2012
犬父;2012
飞鹰;2012
香魂女;2012
包裹;2012
真心话大冒险;2012
人山人海;2012
医生的假日;2012
查干淖尔姑娘;2012
美少女啦啦队;2012
变身男女;2012
大魔术师;2012
苍原;2012
转山;2012
爱得起;2012
十全九美;2012
非诚勿扰;2012
最强喜事2011;2012
幸福之门;2012
越光宝盒;2012
女王;2012
铜牌小车手;2012
查账;2012
幸福秘方;2012
假如我是你;2012
敲天堂之门;2012
巴黎宝贝;2012
为你而来;2012
迈阿密行动;2012
人到中年;2012
孔子;2012
劳拉之星在中国;2012
青蜂侠;2012
美国队长;2012
大人物;2012
明天;2012
大花;2012
硬汉2-奉陪到底;2012
少年陈真;2012
疯狂的石头;2012
赛场大反攻;2012
大侦探福尔摩斯2：诡影游戏;2012
敏感事件;2012
花开白草畔;2012
黑暗终结者;2012
变形金刚;2012
胡桃夹子：魔镜冒险;2012
苏乞儿;2012
歼十出击;2012
逆战;2012
同享一片蓝天;2012
我心不死;2012
宝莲灯;2012
举起手来;2012
饭局也疯狂;2012
战鸽总动员;2012
大哥;2012
碟中谍4;2012
武壮元与苏乞儿;2012
紫宅;2012
尉迟恭;2012
80_后;2012
黑猫警长;2012
自古英雄出少年之岳飞;2012
南京!南京!;2012
学花站长;2012
大侦探福尔摩斯;2012
我们这一家;2012
图色旋风;2012
亲家过年;2012
惊蛰疑云;2012
站起来;2012
新天生一对;2012
大决战(第二部);2012
散打;2012
虎女龙驹;2012
黄石的孩子;2012
兔侠传奇;2012
我坚强的小船;2012
丰年;2012
荒村客栈;2012
寄居大侠;2012
红孩-大话火焰山;2012
即日启程;2012
样板间;2012
我的唐朝兄弟;2012
门;2012
八星报喜;2012
海瑞驯虎;2012
黎明行动;2012
高海拔之恋Ⅱ;2012
一夜迷情;2012
满园春色;2012
终极匹配;2012
我愿意;2012
扑克王;2012
大决战(第三部:平津;2012
回家;2012
惊魂游戏;2012
戏王之王;2012
蓝色的七星湖;2012
梅葛;2012
绑架冰激凌;2012
回家过年;2012
爱;2012
大有前途;2012
宝贝双龙;2012
速度与激情5;2012
纳尼亚传奇：黎明踏浪号;2012
风云决;2012
快乐奔跑;2012
球道;2012
夺标;2012
太阳花儿开;2012
2046;2012
梅兰芳;2012
藏獒多吉;2012
第九区;2012
超时空救兵;2012
双重追击;2012
不是闹着玩的;2012
情暖葡萄沟;2012
红鹰侠;2012
暮光之城;2012
猎物;2012
豪门生死恋;2012
喜临门;2012
情谜;2012
寻找成龙;2012
爱心;2012
飘移族——头文字D;2012
大兵小将;2012
虎王归来;2012
花木兰;2012
千里走单骑;2012
十分爱;2012
气喘吁吁;2012
新婚告急;2012
彩票也疯狂;2012
北京等待;2012
机器侠;2012
笑里逃生;2012
上学路上;2012
完美新娘;2012
同心;2012
麦田;2012
海上传奇;2012
马文的战争;2012
姨妈的后现代生活;2012
凤凰;2012
花田喜事2010;2012
立春;2012
望山;2012
小城之春;2012
金蝴蝶结;2012
基因决定我爱你;2012
钢的琴;2012
宝贝计划;2012
精舞门;2012
美丽家园;2012
全城热恋;2012
心急吃不了热豆腐;2012
警察有约;2012
霓虹灯下的新哨兵;2012
李献计历险记;2012
大明宫;2012
熊猫大侠;2012
大笑江湖;2012
枪王之王;2012
盗版猫;2012
情癫大圣;2012
女人本色;2012
合约情人;2012
亲兄弟;2012
我的教师生涯;2012
杂技小精灵;2012
我要成名;2012
钱学森;2012
乌龙戏凤2012;2012
龙凤店;2012
哪吒;2012
吐鲁番情歌;2012
沉默的远山;2012
守护童年;2012
江北好人;2012
河东狮吼;2012
爱情呼叫转移;2012
脊梁;2012
精舞门2;2012
康定情歌;2012
嘎达梅林;2012
月老儿;2012
爱犬的奇迹;2012
生日快乐;2012
儿子同志;2012
英雄本色之林冲;2012
买买提2008;2012
革命到底;2012
图雅的婚事;2012
情牵一线;2012
岁月神偷;2012
神枪手与智多星;2012
童梦奇缘;2012
嘻游记;2012
野草莓;2012
小鬼智多星;2012
大武生;2012
可可西里;2012
味道男女;2012
沂蒙六姐妹;2012
决战刹马镇;2012
双雄;2012
魔鬼邻居;2012
天亮以后不分手;2012
钻石也疯狂;2012
小虎斑斑;2012
天生一对;2012
天下第二;2012
誓言;2012
茶色生香;2012
三审奇石;2012
知子罗;2012
夜·店;2012
大电影2.0之两个傻瓜的荒唐事;2012
跟踪孔令学;2012
回家的路;2012
绝世宝贝;2012
特工强档;2012
天地告白;2012
大搜查;2012
爱情钥匙;2012
童心;2012
我知女人心;2012
巴特拉尔传说;2012
国王的演讲;2012
地下铁;2012
生死抉择;2012
功夫之王;2012
终极挑战;2012
爱在路上;2012
生化危机：战神再生;2012
倭寇的踪迹;2012
天使不寂寞;2012
笨贼总动员;2012
喜马拉雅星;2012
倔强萝卜;2012
斗牛;2012
双城计中计;2012
碟中谍3;2012
夜上海;2012
一梦十七年;2012
大地有爱;2012
第六计;2012
活该你单身;2012
悲情探戈;2012
白发魔女;2012
最后的爱、最初的爱;2012
尔玛的婚礼;2012
玩酷青春;2012
平原枪声;2012
筑梦2008;2012
蓝精灵;2012
一百元;2012
白方礼;2012
海之梦;2012
忘不了;2012
红小鬼;2012
空巢里的孩子;2012
甜蜜蜜;2012
夺命金;2012
叶问2宗师传奇;2012
独自等待;2012
绝对底线;2012
魔鬼天使;2012
乌龟也上网;2012
香港浴血;2012
无间道;2012
霸王别姬;2012
长空风暴;2012
小城大爱;2012
一见钟情;2012
无间道Ⅱ;2012
新警察故事;2012
全城戒备;2012
生死倒计时;2012
百万巨鳄;2012
云的南方;2012
春花春草也成荫;2012
夺金;2012
蝴蝶梦（越剧）;2012
天下无贼;2012
母亲快乐;2012
复兴之路;2012
出租车4;2012
地心历险记2：神秘岛;2012
来不及爱你;2012
兄弟;2012
心愿;2012
嫁个一百分男人;2012
春风得意梅龙镇;2012
有话好好说;2012
索马里真相;2012
短信一月追;2012
地心历险记;2012
天极;2012
边城之恋;2012
非常主播;2012
英雄本色;2012
海底淘法;2012
都是手机惹的祸（山寨也疯狂）;2012
房不剩防;2012
都市有情天;2012
三岔口;2012
夺宝英雄;2012
猎;2012
文雀;2012
截拳道;2012
唐伯虎点秋香2之四大才子;2012
黑皮书;2012
超强台风;2012
三十八度;2012
时尚先生;2012
野蛮温柔;2012
女巫季节;2012
车在_途;2012
孙中山(上、下);2012
西游新传;2012
烈火恩仇;2012
快乐的大脚2;2012
终极恋人;2012
浮出水面的影子;2012
匹夫;2012
恋上你的床;2012
少共国际师;2012
圣达菲婚礼;2012
黑色的旋涡;2012
铁血奇兵;2012
阿Q与孔乙己;2012
星星;2012
当树枝折断时;2012
夺命蜂巢;2012
兵临城下之决战要塞;2012
浮云;2012
红高梁;2012
摇摆de婚约;2012
美丽任务;2012
战马;2012
金刚归来;2012
梦游美利坚;2012
千杯不醉;2012
快乐的大脚;2012
异冢;2012
精武风云;2012
不再沉睡;2012
好好过;2012
古堡之吻;2012
致命保镖;2012
喜从天降;2012
初恋浅规则;2012
我的名字叫可汗;2012
水乡的春天;2012
风儿轻轻吹;2012
双城之间;2012
寻仇阴阳界;2012
一步之城;2012
别拿自己不当干部;2012
十月围城;2012
王者之剑;2012
绝对搭档;2012
疯狂的蠢贼;2012
桃姐;2012
感情生活;2012
变节-潜罪犯;2012
第601个电话;2012
危机公关;2012
救赎（英国）;2012
山里的石头;2012
即日起程;2012
台北飘雪;2012
王者之心;2012
浮城大亨;2012
关于爱情和那些魔鬼;2012
旋风司令韩先楚;2012
夜·明;2012
红河;2012
劫杀雅典娜;2012
核桃树下;2012
牵手;2012
玩具总动员3;2012
双截棍;2012
高举？爱;2012
憨豆的黄金周;2012
飞翔的花朵;2012
花花刑警;2012
李小龙我的兄弟;2012
洛克王国 圣龙骑士;2012
非常小特工之时间大盗;2012
亲亲我;2012
恐龙宝贝;2012
开心的八月;2012
云的童话;2012
结婚狂想曲;2012
越位者;2012
女人如花;2012
海洋朋友;2012
听说爱情来过;2012
彝寨天使;2012
头彩;2012
姐姐词典;2012
老夫子之小水虎传奇;2012
神探;2012
人.鬼.情;2012
柳如是;2012
星星的孩子;2012
语路;2012
雷锋;2012
异星战场;2012
玉观音;2012
西风烈;2012
无间罪;2012
初到东京;2012
太阳总在左边;2012
玩命追踪;2012
国际电影展（上海）;2012
单刀直入（法国）;2012
丑女大翻身;2012
战友;2012
大震撼;2012
碧血剑;2012
足球小子飞毛腿;2012
一夜成名;2012
狮口惊魂;2012
今天、明天;2012
神通乡巴佬;2012
公仆;2012
大追捕;2012
80后;2012
娱乐是个圈;2012
单刀直入;2012
双层公寓;2012
母语;2012
迷情;2012
妃子笑;2012
多情的夏天;2012
意乱情迷;2012
凝眸;2012
春娇与志明;2012
火爆警探;2012
_蛋奇兵;2012
晚安北京;2012
女人花;2012
让我为你靠点谱;2012
新长征路上的立体交响;2012
玩命魔术;2012
非常任务;2012
西南玉米雨养旱作增产技术;2012
了不起的村庄;2012
功夫熊猫;2012
五个跟青春有关的记忆;2012
十五岁的笑脸;2012
特工神童;2012
郭明义;2012
特工008;2012
老明星;2012
那是说着玩的;2012
米尼;2012
穷追不舍;2012
上去高山望平川;2012
双枪假面人;2012
国土资源局长;2012
深海探奇;2012
西域大都护;2012
血战到底;2012
一夜未了情;2012
色戒;2012
神马都是浮云;2012
盗走达芬奇;2012
仰望星空;2012
白云山传奇;2012
重返香巴拉;2012
病尉迟孙立;2012
非常绑匪;2012
老婆不在家;2012
幸福成本;2012
杨_公;2012
晚秋（韩国）;2012
战神再现;2012
变形金刚2;2012
二十五个孩子一个爹;2012
早春二月;2012
功夫熊猫2;2012
祝福;2012
喜洋洋;2012
父子神探之卧雪图;2012
我和你;2012
列车惊魂;2012
风过菜花黄;2012
晚秋;2012
毕业总动员;2012
亚瑟和他的迷你王国2;2012
饮食男女--好远又好近;2012
二十四城记;2012
非常之恋;2012
舍身技;2012
乡村无眠;2012
死亡迷局;2012
爱在廊桥;2012
云下的日子;2012
我的军号;2012
烟雨漓江;2012
丛林奇兵;2012
日照好人;2012
铁人;2012
大国手之天下无敌;2012
生命的托举;2012
南京;2012
神勇投弹手;2012
孔庆德生死护送卡尔逊;2012
布依姑娘;2012
七品青莲;2012
地下的天空;2012
喜羊羊与灰太狼之牛气冲天;2012
追影;2012
乐队;2012
_探佳人;2012
大富之家;2012
太阳照常升起;2012
大战外星人;2012
别碰我的童年;2012
苏布尔噶风云;2012
外出;2012
西岳奇童;2012
父子神探之滴血的戒指;2012
碧罗雪山;2012
诸神之怒;2012
御前侍卫;2012
在一起;2012
痞子英雄之全面开战;2012
爸爸的七月;2012
影子爱人;2012
唐卡;2012
野蛮秘笈;2012
宝贝快跑;2012
志明与春娇;2012
最长的拥抱;2012
我的幸福辣妈;2012
岁岁清明;2012
非常营救;2012
黄金大劫案;2012
诸神之战;2012
十二星座离奇事件;2012
异度空间;2012
夏日恋神马;2012
我和天鹅;2012
绣花鞋;2012
郎在对门唱山歌;2012
洛杉矶之战;2012
军人的妻子;2012
肖开提的假期;2012
恋爱三万英尺;2012
太阳开花;2012
草原上的承诺;2012
下一个奇迹;2012
爱在那一天;2012
夜半歌声;2012
超能少年之烈维塔任务;2012
泰坦尼克号;2012
爱丽丝梦游仙境;2012
平壤之约;2012
马兰花;2012
我的母亲大草原;2012
雪色;2012
老井;2012
老铃铛;2012
狂蟒惊魂;2012
梁山伯与祝英台;2012
满汉全席;2012
东邪西毒;2012
四大名捕;2012
忠诚与背叛;2012
擒爱记;2012
赛车总动员2;2012
巴山夜雨;2012
巢;2012
奇迹三雄之扑克牌游戏;2012
骆驼客;2012
第四期计划;2012
喋血孤城;2012
潜艇总动员2;2012
通天塔;2012
老师;2012
阙里人家;2012
我11;2012
古镇情缘;2012
让爱回家;2012
证人;2012
盗亦有道;2012
走路上学;2012
寻找刘三姐;2012
人世间;2012
背人的人;2012
与盗同眠;2012
红象;2012
第一军规;2012
阿凡达;2012
巴黎，上海;2012
逆风;2012
灵魂战车2：复仇时刻;2012
桔梗花;2012
夜袭;2012
青春;2012
稍安毋躁;2012
我的少女时代;2012
泰坦尼克号上的女佣;2012
幸福的事;2012
追凶;2012
超级战舰;2012
在绿地毯上;2012
迷踪：第九鹰团;2012
杀生;2012
冷酷收获;2012
追梦人;2012
迈阿密风云;2012
纽约行动;2012
仙女;2012
荒岛情未了;2012
侠盗石川;2012
茶亦有道;2012
爱在人间;2012
幸福家庭充满歌声;2012
清晨的枪声;2012
自由的人;2012
盗梦空间;2012
爱在你身边;2012
命运的宣战;2012
极致噩梦;2012
爱的艺术;2012
幸福的车轮;2012
爱情鸟;2012
飞越老人院;2012
花街欢乐坊;2012
恒山月光;2012
月球旅行记;2012
冬日青蛙;2012
人人都说我爱你;2012
超级女特工;2012
雷神;2012
湘江北去;2012
加勒比海盗：惊涛怪浪;2012
蓝的影子;2012
到期;2012
流言;2012
站立的男人;2012
头发;2012
阿格蕾;2012
我是中国人;2012
爱与勇气;2012
手风琴;2012
马达加斯加;2012
灵魂战车;2012
忍者神龟;2012
光棍终结者;2012
收藏记忆的角落;2012
不再让你孤单;2012
海洋;2012
云上太阳;2012
刘伯承市长;2012
早熟;2012
太阳花开;2012
幸福的向日葵;2012
欠我十万零五千;2012
鏖兵天府;2012
变身契约;2012
乌鲁木齐的天空;2012
金钱帝国;2012
永生羊;2012
黄昏;2012
别说抱歉，别说再见;2012
我的婚礼和其他秘密;2012
幸福之家;2012
雏菊;2012
尘网曦光;2012
额尔古纳河右岸;2012
月色狰狞;2012
谁的孩子;2012
困境;2012
父亲的草原母亲的河;2012
金画眉;2012
瘦身魔方之美丽不瘦;2012
一代天骄成吉思汗;2012
南京的那个夏天;2012
永州故事;2012
希望的梦想;2012
OK,大爱;2012
狂飙战警;2012
瞧，这一担儿挑;2012
圣地额济纳;2012
我是大熊猫;2012
骆驼圈;2012
亲合力;2012
印度拉贾;2012
跟踪;2012
篮球小皇帝;2012
冯志远;2012
车票;2012
精英部队：大敌当前;2012
新地道战;2012
尼玛家的女人们;2012
形影不离;2012
西施;2012
乐青春;2012
丛林有情狼;2012
来福来福;2012
temp;2012
骆驼旦;2012
梦游;2012
噪音控制;2012
红颜;2012
随心所爱;2012
跑;2012
生死罗布泊;2012
跑出一片天;2012
菜园子张青;2012
你是我的宝贝;2012
蓝色;2012
神秘代码;2012
颍河岸畔的春天;2012
复仇者联盟;2012
咖啡与神;2012
匆匆;2012
与妻书;2012
美丽上海;2012
男得有爱;2012
樱桃;2012
山外的彩虹;2012
迷雾;2012
夜郎;2012
别人的城市;2012
赛德克？巴莱;2012
一个老师的学校;2012
都市牧羊曲;2012
四戒;2012
街头舞王;2012
盛糖乐队;2012
回马枪;2012
纽约客@上海;2012
人狼大战;2012
宝岛双雄;2012
逃之夭夭;2012
三个火枪手;2012
法国电影展（陕西）;2012
朱大琴，请与本台联系;2012
迷途追凶;2012
背影;2012
暴走妈妈;2012
512汶川不相信眼泪;2012
新妈妈再爱我一次;2012
起舞的蝴蝶;2012
铡刀下的红梅;2012
寻龙夺宝;2012
手机;2012
草原上升起不落的太阳;2012
地域无门;2012
浩劫惊魂;2012
三枪拍案惊奇;2012
不可复制的恋人;2012
爱情天梯;2012
美丽的大脚;2012
正·青春;2012
天黑请闭眼;2012
龙虎门;2012
黑衣人3;2012
伯纳德行动;2012
惊天动地;2012
白蛇传;2012
堵车;2012
阳光盛夏;2012
天工开物;2012
鬼妹;2012
邓小平;2012
大漠赤诚;2012
狂奔蚂蚁;2012
风起云涌;2012
恋人絮语;2012
天地逃生;2012
童年旧事;2012
傲慢与偏见之简·奥斯汀;2012
神秘群岛;2012
风暴突击者;2012
雀黄色的自行车;2012
大块头有大智慧;2012
霍元甲;2012
安布拉契卡的小海豚;2012
勇闯16街区;2012
总统浪漫史;2012
乡兵的集会;2012
我与拉拉;2012
光荣的愤怒;2012
大城小事;2012
第一次;2012
神话;2012
爱封了;2012
真相大白;2012
亚瑟和他的迷你王国;2012
帝王道;2012
我的长征;2012
雨果;2012
野兽之心;2012
超蛙战士之威武教官;2012
醉后一夜;2012
我们去喝点酒吧;2012
爱在回响;2012
玫瑰神偷;2012
果实;2012
梅兰竹菊;2012
韭菜花开;2012
开往春天的地铁;2012
摇啊摇，摇到外婆桥;2012
为爱而来;2012
娜娜;2012
最好的朋友江竹筠;2012
无极限;2012
潘多拉的宝剑;2012
密室之不可告人;2012
那年的冬天;2012
小歌星;2012
战争童谣;2012
北京小妞;2012
闪闪的红星——红星小战士;2012
少林四小龙;2012
岳家小将;2012
白色星球;2012
少年雷锋;2012
刘胡兰;2012
别哭,妈妈;2012
红孩子;2012
五(二)班;2012
大闹天宫;2012
天行者;2012
长恨歌;2012
亚瑟王与棒球少年;2012
四个小伙伴;2012
应声阿哥;2012
霹雳贝贝;2012
小足球队;2012
下次开船港游记;2012
小花;2012
多梦时节;2012
超人总动员;2012
好孩子;2012
名侦探柯南：漆黑的追踪者;2012
离开雷锋的日子;2012
神奇海盗团;2012
小骑兵历险记;2012
姐姐;2012
火娃;2012
红孩儿大话火焰山;2012
会唱歌的土豆;2012
荧屏奇遇;2012
我的九月;2012
我和我的同学们;2012
童年警事(儿童片);2012
豆丁奇遇记;2012
琴童;2012
虾仔历险记;2012
闪闪的红星;2012
格兰特船长的儿女;2012
花儿朵朵;2012
春田花花同学会;2012
大气层消失;2012
两个小足球队;2012
两个孩子和狗;2012
三毛流浪记;2012
英雄小八路;2012
魔表;2012
没有爸爸的村庄;2012
海霞;2012
初恋这件小事;2012
亚瑟王;2012
鸡毛信;2012
小战象;2012
紫蝴蝶;2012
我给爸爸加棵星;2012
白雪公主之魔镜魔镜;2012
小兵张嘎;2012
冬冬的故事(儿童片）;2012
放牛班的春天;2012
三毛从军;2012
飞飞从影记;2012
戴口罩的小狗(儿童片);2012
奇迹;2012
金秋鹿鸣;2012
37;2012
热爱岛;2012
愤怒的小孩;2012
戚继光英雄传;2012
豆蔻年华;2012
麦兜？当当伴我心;2012
潜艇总动员;2012
马达加斯加3;2012
醉后一战;2012
代课老师;2012
大玩家;2012
孩子那些事儿;2012
你是哪里人;2012
终极快递;2012
疾速行动;2012
夏日琴情;2012
村长轶事;2012
绝对挑战;2012
幸福的兔子;2012
破冰;2012
大电影之数百亿;2012
忍者乱太郎;2012
2012喜上加喜;2012
心灵的阳光;2012
廊桥1937;2012
马可·波罗回香都;2012
长江七号爱地球;2012
挚爱;2012
初恋时光;2012
饥饿游戏;2012
笔仙惊魂;2012
甲方乙方;2012
雅典娜：无间谍局;2012
尼斯湖怪：深水传说;2012
死亡面具;2012
美丽生命;2012
龙风斗;2012
机缘;2012
谷雨;2012
马达加斯加2;2012
阿尔巴特;2012
成成烽火 投笔从戎;2012
半夜不要照镜子;2012
公园;2012
第一次亲密接触;2012
你听我跟你说;2012
我们的夏天;2012
太行山上;2012
头版头条;2012
画皮II;2012
别样警花;2012
查无此人;2012
车手;2012
蓝调海之恋;2012
致命替身;2012
绽放;2012
潜在威力;2012
柔道龙虎榜;2012
守望博格达;2012
海洋天使;2012
大山里的孩子;2012
小白杨;2012
母亲江恋歌;2012
CUT;2012
上帝的处方;2012
东京公园;2012
琉神;2012
五月的声音;2012
青春搏击;2012
啄木鸟和雨;2012
彼时生命;2012
如果高中棒球队女经理读过杜拉克的管理学;2012
家里有我;2012
特工争风;2012
岳;2012
车费;2012
了不起的亡灵;2012
永远的三丁目的夕阳64年;2012
方队;2012
虎口夺子;2012
卡拉麦里;2012
悲鸿生命;2012
火线特工;2012
亲，别怕;2012
燃烧的生命;2012
自娱自乐;2012
爱的面包魂;2012
大漠赤城;2012
勇敢传说;2012
黑暗中的救赎;2012
赛车风云;2012
虾哥的故事;2012
刀客外传;2012
一不留神;2012
爱神有泪;2012
喜神;2012
阿免姨;2012
少林达摩剑;2012
悬赏;2012
大事件;2012
绅士大盗;2012
钢铁侠2;2012
我不想说谎;2012
鸡排英雄;2012
无法尖叫;2012
失控;2012
并非末日;2012
鄱湖浪;2012
赛尔号之雷伊与迈尔斯;2012
疑案忠魂;2012
蓝莓之夜;2012
邱吉尔：好莱坞年代;2012
猪猪侠之__危机;2012
在劫难逃（进口）;2012
老哨卡;2012
罂粟花儿不再开;2012
魅妆;2012
吴运铎;2012
大海啸之鲨口逃生;2012
月亮之上;2012
海鲜陆战队;2012
童年;2012
中俄列车大劫案;2012
葡峰山下小村官;2012
生死对决;2012
窈窕淑女;2012
绝对情感;2012
水落石出;2012
大武当之天地密码;2012
午夜凶梦;2012
火龙对决;2012
青魇;2012
左利军;2012
挪威的森林;2012
搜索;2012
幻影追凶;2012
初恋红豆冰;2012
英雄泪;2012
五好楼48小时;2012
青春飞扬;2012
布达拉宫;2012
搏击手;2012
生死28小时;2012
绝命岛;2012
天际浩劫;2012
绝色武器;2012
摩尔庄园海妖宝藏;2012
完美的爱;2012
我的父亲母亲;2012
超决战！贝利亚银河帝国;2012
花样年华;2012
绝命藏宝图;2012
笔仙;2012
一八九四？甲午大海战;2012
大天地;2012
战国;2012
13岁女孩;2012
B区32号;2012
幸运搜索;2012
冰川时代4;2012
空中决战;2012
手牵手;2012
神探亨特张;2012
天职;2012
女人不坏;2012
浴血东征;2012
无蝉的夏天;2012
夜玫瑰;2012
爱情童话;2012
狮子王;2012
海鹰战警;2012
谢瑶环;2012
搞定岳父大人;2012
西北新民居;2012
你的我的初恋;2012
蔡李佛-极限拳速;2012
我的野蛮女友2;2012
杨梅洲;2012
妈妈们青春往事;2012
2012;2012
夏日乐悠悠;2012
大树;2012
战略特勤组;2012
重来;2012
觉里曼姆;2012
一诺千金;2012
幸福在歌唱;2012
理发师;2012
乐翻天;2012
老雷斯的故事;2012
幸福迷途;2012
刮痧;2012
像小强一样的活着;2012
我在路上最爱你;2012
老虎都要嫁;2012
蔡李佛拳;2012
宝马狂想曲;2012
热血街头;2012
街头之王;2012
喋血街头;2012
大有希望;2012
被遗忘的水彩画;2012
夏日纯情;2012
一路有你;2012
芬妮的微笑;2012
西柏坡;2012
蜘蛛侠2;2012
棒子老虎鸡;2012
蝙蝠侠：侠影之谜;2012
少年邓恩铭;2012
琴动我心;2012
香草;2012
派饭;2012
侠盗魅影;2012
爱无疆;2012
一路向北;2012
床下有人;2012
台北来的插班生;2012
星月童话;2012
冰川时代3;2012
八喜盈门;2012
在劫难逃;2012
冰川时代;2012
新来的李老师;2012
我们村的女当家;2012
山花烂漫时;2012
买买提的2008;2012
熊猫回家路;2012
欢乐公主;2012
八月一日;2012
天赐;2012
梦回金沙城;2012
冠军宝贝之无价之宝;2012
哈利·波特与魔法石;2012
蝎子王归来;2012
爆笑角斗士;2012
黑金风暴;2012
机械师;2012
丛林拯救记;2012
英雄;2012
爱上爱;2012
青木川传奇;2012
请叫我英雄;2012
替身传奇乐翻天;2012
望娃;2012
太空一号;2012
我爱灰太狼;2012
上海女人在西北;2012
生日之谜;2012
团支部书记;2012
九龙佩;2012
绿水;2012
秋雨绵绵;2012
华丽之后;2012
林肯律师;2012
恐怖旅馆;2012
拳皇（进口）;2012
消失的子弹;2012
非常夏日;2012
听风者;2012
叛谍追击;2012
新街口;2012
周恩来 外交风云;2012
天黑请睁眼;2012
导盲犬小Q;2012
星际迷航;2012
心灵的小河;2012
我的父亲;2012
楼;2012
恋爱恐慌症;2012
拯救第365天;2012
神秘世界历险记;2012
恋恋鹏城;2012
四个丘比特;2012
做次有钱人;2012
大兵金宝历险记;2012
有一种爱叫做放手;2012
通道转兵;2012
哭笑不得;2012
小战象2;2012
英雄喋血;2012
花花型警;2012
华锐噶布;2012
小等;2012
暗恋99天;2012
河东狮吼2;2012
超凡蜘蛛侠;2012
丁香;2012
功夫世家;2012
邋遢大王奇遇记;2012
老家新家;2012
云之锦;2012
隔窗有眼;2012
各有所乐;2012
迷魂陷阱;2012
生命之约;2012
红草莓;2012
边境风云;2012
邋遢大王奇遇记(八);2012
黑金;2012
古墓迷途;2012
伤心童话;2012
邋遢大王奇遇记(一);2012
Hold住爱;2012
首席执行官;2012
危城之恋;2012
天津闲人;2012
我和神马查干;2012
购物狂;2012
美人草;2012
一起飞;2012
武夷棹歌;2012
蝙蝠侠：黑暗骑士崛起;2012
触不到的恋人;2012
扣篮对决;2012
守株人;2012
残梦;2012
都市童话;2012
夜幕惊魂;2012
一江明烛;2012
我要幸福;2012
庐山恋2010;2012
北村方向;2012
云朵上的羊角花;2012
密阳;2012
邋遢大王奇遇记(十三);2012
北极;2012
我的机器人女友;2012
空房子;2012
荒村公寓;2012
全民超人汉考克;2012
止杀令;2012
血性山谷;2012
疯狂的彩票;2012
追击者;2012
保护行动;2012
今天;2012
签手;2012
岁月无声;2012
飞行日志;2012
白兰;2012
建筑学概论;2012
普罗米修斯;2012
我脑海中的橡皮擦;2012
敢死队2;2012
阳光姐妹淘;2012
完美人生;2012
邋遢大王奇遇记(十);2012
向日葵;2012
少年菀得;2012
枪手;2012
铁线虫入侵;2012
秘鲁大冒险;2012
求求你，表扬我;2012
权力有限;2012
出水芙蓉;2012
假装情侣;2012
箱子;2012
民工潮;2012
白鹿原;2012
西藏往事;2012
拳皇;2012
熊猫总动员;2012
雨中的树;2012
黑荆棘;2012
危险关系;2012
花房爱;2012
做头;2012
骇客;2012
海洋天堂;2012
情人结;2012
海云台;2012
妈妈片警;2012
圣诞传说;2012
孤胆特工;2012
庐山恋;2012
花园街五号;2012
完美的陌生人;2012
角落里的阳光;2012
十二生肖;2012
芳心终结者;2012
帝国秘符;2012
两个人一双手;2012
黑衣女人;2012
太极1从零开始;2012
烽火;2012
飞越环宇;2012
毕业那年;2012
铜雀台;2012
魔侠传之唐吉可德;2012
电影儿女;2012
幻觉;2012
加德满都，天空之境;2012
渡江！渡江！;2012
白昼冷光;2012
飓风营救2;2012
美味情歌;2012
天琴;2012
间谍嘉宝;2012
二次曝光;2012
北纬31°录像带;2012
茱莉娅的眼睛;2012
寻找女友;2012
天下无双;2012
廉吏于成龙;2012
环形使者;2012
毕业那天，我们说相声;2012
破碎的拥抱;2012
护宝娇娃;2012
花海情缘;2012
爱不是浮云;2012
浩昊文字国历险记-大闹无字城;2012
萨米大冒险;2012
武当少年;2012
卡米诺;2012
齐天大圣前传;2012
勇士;2012
谍影重重4;2012
蛹;2012
宝贝女儿好妈妈之吃记忆的大雪球;2012
无与伦比的辉煌——北京奥运记忆;2012
月光恋;2012
金兰姊妹;2012
爱情碰碰撞;2012
新不了情;2012
危情24小时;2012
太极;2012
文字国历险记——浩昊智斗谜语城;2012
死神-最后一张王牌;2012
文字国历险记—浩昊三战怪怪城;2012
飞跃山海关;2012
别跟狗较劲;2012
宝贝别哭;2012
圣龙奇兵大冒险;2012
青花;2012
时空穿越者;2012
色·戒;2012
细路祥;2012
水啸雾都;2012
危楼春晓;2012
密码疑云;2012
我的左手;2012
成记茶楼;2012
水面葫芦;2012
七十二家房客;2012
我的钱我做主;2012
疯劫;2012
诡爱;2012
骆驼祥子;2012
飓风营救;2012
秋月（进口）;2012
极地营救;2012
胭脂扣;2012
香港制造;2012
麻辣女孩;2012
千钧一发;2012
一次别离;2012
吴仁宝;2012
童年的稻田;2012
男人如衣服;2012
八卦宗师;2012
芳香之城传奇;2012
大煞星与小妹头;2012
半斤八两;2012
笼民;2012
父子情;2012
安娜？卡列尼娜;2012
安娜·卡列尼娜;2012
玉战士;2012
浮城谜事;2012
天下太忙;2012
暖;2012
太极2英雄崛起;2012
以后的以后;2012
娜娜的玫瑰战争;2012
公主的诱惑;2012
界限;2012
我的中国芯;2012
全面回忆;2012
皇家刺青;2012
暮光之城：破晓（上）;2012
爱谁谁;2012
湖南起义;2012
大碗茶;2012
乱战;2012
横山号;2012
寒战;2012
一只狗的大学时光;2012
万有引力;2012
情有独钟;2012
三个未婚妈妈;2012
普罗旺斯惊魂记;2012
孝女彩金;2012
犹太女孩在上海;2012
无敌破坏王;2012
冰雪11天;2012
咆哮无声;2012
大脚皇后;2012
跟我的前妻谈恋爱;2012
完美嫁衣;2012
午夜出租车;2012
我的男男男男朋友;2012
南平红荔;2012
许海峰的枪;2012
大胃王;2012
闯堂兔;2012
红楼梦(上下)(越剧经典版);2012
南方大冰雪;2012
给野兽献花;2012
叛逆的爱情;2012
致命闪玩;2012
大上海;2012
走过雪山草地;2012
缘来是咱俩;2012
阿佤山;2012
缘来是你;2012
缘来有爱;2012
迷城;2012
守护者联盟;2012
心中的天堂;2012
沉默的夏天;2012
天生爱情狂;2012
三角地;2012
谁hold住谁;2012
圆明园;2012
不要迷恋姐;2012
塔拉星球之战;2012
馨海蝶;2012
第一书记;2012
九天情缘;2012
万箭穿心;2012
目击者;2012
借你俩胆;2012
戏外人生;2012
螳螂;2012
不会再有明天;2012
小丑;2012
保安刘十八;2012
艾雷侬;2012
少年派的奇幻漂流;2012
马塔噶的时机;2012
冲锋号;2012
印第安人部落：鑫谷;2012
鸳鸯·蝴蝶;2012
幸福时光;2012
沙滩队长;2012
工作及累;2012
笑过2012;2012
一九四二;2012
血滴子;2012
有这样一个医生;2012
西八时区;2012
指尖太阳;2012
走出西柏坡;2012
詹天佑;2012
那都不是事儿;2012
南泥湾;2012
王的盛宴;2012
民主华南第一辑;2012
几番风雨;2012
大上海欢庆胜利;2012
青山翠谷;2012
淮海战役;2012
爱出色;2012
淮南的宝库;2012
亚澳工会代表大会;2012
邂逅幸福;2012
恋爱之道;2012
浪漫邂逅;2012
希望在人间;2012
有招没招;2012
背起爸爸上学;2012
不见不散;2012
剑雨;2012
盘夫索夫;2012
沈园情;2012
人再_途之泰_;2012
我老公不靠谱;2012
我的老婆是只猫;2012
小鱼吃大鱼;2012
那美;2012
飞扬的青春;2012
孤岛惊魂2;2012
老外;2012
黄色潜水艇;2012
蔚蓝深海;2012
爱情36计;2012
一段生活之梦;2012
功夫侠;2012
永远的车神;2012
大腕;2012
一生有爱;2012
过年回家;2012
乡村大嘴巴;2012
红丝错;2012
异度迷局;2012
呼啸山庄;2012
电梯惊魂;2012
名侦探柯南之第十一名前锋;2012
潜水艇;2012
春晓;2012
八大山人;2012
两个父亲;2012
汉江怪物;2012
杀戒;2012
夺命追踪;2012
客房;2012
空姐;2012
抬起头来;2012
生命如歌;2012
远赴他乡;2012
无言的界碑;2012
走出硝烟的女神;2012
索道医生;2012
咱们是亲人;2012
龙须沟;2012
冲出亚马逊;2012
天空之城;2012
重聚;2012
老狗;2012
铁血;2012
寻枪;2012
凶间雪山;2012
你的世界;2012
艺术家;2012
飞;2012
盘妻索妻;2012
完美的一天;2012
海岛之恋;2012
海的女儿;2012
桃枝的桃;2012
参天树;2012
棘手婚礼;2012
最美;2012
众说纷纭;2012
百合花开;2012
说不;2012
大寒桃花开;2012
午夜心跳;2012
孟姜女;2012
夺宝幸运星大电影之金箍棒传奇;2012
给你一千万;2012
秘密花园;2012
地下室惊魂;2012
大叔，我爱你;2012
犀利人妻最终回;2012
舞动蓝菲;2012
玩命·时光;2012
魁拔之十万火急;2012
过界;2012
重返大海;2012
国歌;2012
爱你一生一世;2012
我的狗狗我的爱;2012
201314;2012
小小飞虎队;2012
致命请柬;2012
袁天罡之夺命天敌;2012
海岛冒险;2012
铁娘子：坚固柔情;2012
可爱的中国;2012
门徒;2012
离婚进行时;2012
上校村官;2012
天仙配;2012
幸运组合;2012
茶花村的幸福生活;2012
实习生;2012
故园秋色;2012
足球大侠;2012
巴黎淘气帮;2012
宝米恰恰;2013
午夜寻访录;2013
“拼爹”年代;2013
101次求婚;2013
波鲁鲁冰雪大冒险;2013
国徽;2013
杨光的快乐生活;2013
一代宗师;2013
夺宝联盟;2013
春桃;2013
道口烧鸡铺;2013
暗流;2013
喜羊羊与灰太狼之喜气羊羊过蛇年;2013
快乐大本营之快乐到家;2013
回头是远方;2013
危情营救;2013
洛克王国  圣龙的心愿;2013
007：大破天幕杀机;2013
这儿是香格里拉;2013
西游降魔篇;2013
三月情流感;2013
柠檬;2013
刺夜;2013
喜剧王;2013
绑架大明星;2013
为梦想，跑;2013
暴走吧，女人;2013
爱的替身;2013
弹无虚发之对决黄金谷;2013
西柏坡2 英雄王二小;2013
绿林大冒险;2013
火线追凶2之不白之冤;2013
霍比特人：意外之旅;2013
百星酒店;2013
火线追凶2之同名为仇;2013
强权女人;2013
云图;2013
爱神;2013
午夜微博;2013
007：大破量子危机;2013
_人之越挠越痒;2013
你的情歌我来唱;2013
疯狂粉丝王;2013
关关雎鸠;2013
血红的蝴蝶;2013
骇战;2013
全城高考;2013
千锤百炼;2013
我的陪嫁老爸;2013
弹无虚发之死亡之海;2013
巴啦啦小魔仙;2013
青春.com;2013
爱爱_事;2013
三进门（评剧）;2013
孤岛惊魂;2013
笑功震武林;2013
奔跑吧！狗狗;2013
越来越好之村晚;2013
像风一样行走;2013
谁是卧底;2013
女蛹;2013
傻妞;2013
心路;2013
男儿本色;2013
传家宝;2013
森林历险记;2013
九局下半;2013
战俘;2013
中国合伙人;2013
兰花香;2013
九龙壁;2013
爱情不NG;2013
金刚狼;2013
哈布库的羔羊;2013
十分钟情;2013
梦幻飞琴;2013
咏春小龙;2013
梦幻岛;2013
猩球崛起;2013
我为太极狂;2013
好想和你在一起;2013
@在一起;2013
侠探杰克;2013
山村趣事;2013
青春派;2013
鸿门宴;2013
阿嬷的梦中情人;2013
过年总动员;2013
父亲是棵树;2013
三分钟先生;2013
美姐;2013
悲惨世界;2013
午夜火车;2013
我的影子在奔跑;2013
拜见岳父母大人;2013
呆呆精灵;2013
最美（国产）;2013
劫案迷云;2013
石器时代之百万大侦探;2013
新大祭桩;2013
生化危机5：惩罚;2013
最爱你的人是我;2013
声梦奇缘;2013
绝种好男人;2013
秋雨;2013
青春雷锋;2013
特警判官;2013
让爱绽放;2013
人间蒸发;2013
有人赞美聪慧，有人则不;2013
地牢围攻-以国王的名义;2013
北京遇上西雅图;2013
雾宅;2013
特警英雄;2013
狗十三;2013
特警新人类;2013
银蛇谋杀案;2013
黑太阳731;2013
叶问——终极一战;2013
四零五谋杀案;2013
逆世界;2013
西游记之大闹天宫;2013
萧红;2013
厨子戏子痞子;2013
雷锋的微笑;2013
雷锋在1959;2013
圣保罗医院之谜;2013
爱情银行;2013
虎胆龙威4.0;2013
虎胆龙威5;2013
肩上蝶;2013
天堂口;2013
男生贾里新传;2013
巨人捕手杰克;2013
郑和1405——魔海寻踪;2013
每当变幻时;2013
动物总动员;2013
导火线;2013
刘老庄八十二烈士;2013
幸福的小杨屯;2013
爱在他乡;2013
妹娃要过河（戏曲）;2013
金太狼的幸福生活;2013
我们，结婚吧;2013
忠烈杨家将;2013
闻香;2013
拉贝日记;2013
幸福卡片;2013
左眼不跳财;2013
魔境仙踪;2013
我们结婚吧;2013
小事大爱;2013
石榴树上结樱桃;2013
农村老年人权益保障常识;2013
光辉岁月;2013
锦绣前程;2013
红色恋人;2013
毒战;2013
农谷之恋;2013
霓裳曲;2013
单亲宝贝;2013
说说美丽世界;2013
西域铁骑;2013
姑娘湖;2013
一件小事;2013
夜莺之旅;2013
风雨上海滩;2013
变身超人;2013
特种部队：全面反击;2013
功夫战斗机;2013
被解救的姜戈;2013
分手合约;2013
致命黑兰;2013
我童年的天空;2013
老人;2013
泰山功夫;2013
海底世界;2013
红唇迷印;2013
疙瘩爷爷;2013
加菲猫2;2013
特种部队：眼镜蛇的崛起;2013
别惹我;2013
疯狂原始人;2013
无脚鸟;2013
她们的名字叫红;2013
我的渡口;2013
甜蜜十八岁;2013
爱情的捉弄;2013
花香;2013
守望明天;2013
草原战士;2013
杀人犯;2013
与时尚同居;2013
花腰新娘;2013
大野狼和小绵羊的爱情;2013
网络情缘;2013
哈利·波特与密室;2013
哈里·波特与阿兹卡班的囚徒;2013
疯狂的疯狂;2013
哈利·波特与火焰杯;2013
PK.COM.CN;2013
哈利·波特与凤凰社;2013
致我们终将逝去的青春;2013
牛老汉的幸福生活;2013
哈利·波特与混血王子;2013
微风吹乱蜗牛心;2013
哈利·波特与死亡圣器（上）;2013
哈利·波特与死亡圣器（下）;2013
人命如天;2013
三六巷;2013
少年林祥谦;2013
寻人奇事;2013
逆光飞翔;2013
芳香之旅;2013
金银花开;2013
三天三夜;2013
望月;2013
不能告诉你;2013
玛德2号;2013
尼罗河情人;2013
同谋;2013
柠檬水;2013
亲·爱;2013
钢铁侠3;2013
星爸客;2013
百家乐翻天;2013
念书的孩子;2013
大太阳;2013
界碑下的村庄;2013
姐姐嫁给我;2013
太阳脸;2013
机器人传奇;2013
钢铁侠;2013
花季;2013
我的兄弟姐妹;2013
倾城;2013
让我们一起失忆吧;2013
记忆望着我;2013
满城尽带黄金甲;2013
顺风车;2013
东方中国梦;2013
永恒的心愿;2013
品读南昌;2013
遗落战境;2013
姑娘;2013
无影剑;2013
缘，妙不可言;2013
钢琴木马;2013
残团;2013
文字国历险记——浩昊巧破笑话城;2013
超级经纪人;2013
临终_事;2013
悬战;2013
我的情非得已;2013
天上的风;2013
逆火;2013
母亲的眼睛;2013
红楼梦（昆曲）;2013
圣诞玫瑰;2013
捉鬼;2013
伴我闯天涯;2013
爱，你别走;2013
婚前婚后;2013
单身汉;2013
蓝色骨头;2013
别跟我谈高富帅;2013
结婚那件事;2013
凤凰情;2013
穿越火线;2013
猎杀中山狼;2013
百年好合;2013
冷瞳;2013
门球健将;2013
一路狂奔;2013
诡婚;2013
古镇凶灵;2013
天机——富春山居图;2013
古城会;2013
潜艇总动员3——彩虹宝藏;2013
辛巴达历险记;2013
魁拔之大战元泱界;2013
风云小棋王;2013
哭泣的石头;2013
梦非梦;2013
星际迷航：暗黑无界;2013
少年闵子骞;2013
步步追魂;2013
圣诞树2;2013
5颗子弹;2013
天钟;2013
母亲（俄罗斯）;2013
石头;2013
亲亲海豚;2013
狼;2013
生死足球赛;2013
爱 如果;2013
阿妹的诺言;2013
爱，很美;2013
让熊猫飞;2013
5个新娘;2013
女倾慕者;2013
法国电影展映;2013
间谍;2013
寻宝者;2013
午夜惊魂;2013
阳光留守;2013
乡间童谣;2013
静静的嘛呢石;2013
王牌情敌;2013
男式女子足球队;2013
侏罗纪公园;2013
孩子王;2013
百变金刚;2013
小号手;2013
大片;2013
我会守着你;2013
百万爱情宝贝;2013
窒息;2013
战火焚情;2013
枕边有张脸;2013
告诉他们，我乘白鹤去了;2013
红财神;2013
会飞的小精灵;2013
红粉;2013
“唇唇”欲动;2013
终极大冒险;2013
哭恋;2013
伴儿;2013
留守;2013
风暴2002;2013
非秀不可;2013
第十二夜;2013
2013上海国际电影节;2013
大唐风云;2013
父子;2013
超人：钢铁之躯;2013
青蛇;2013
小时代;2013
大话东游之一;2013
赤警威龙;2013
北漂鱼;2013
速度与激情6;2013
不二神探;2013
青瓷迷踪;2013
拐杖;2013
同根生;2013
倔人吕尚斌;2013
幸福马拉松;2013
兰梅记;2013
2013塞尔维亚电影展;2013
回到原点;2013
开心超人;2013
萨米大冒险2;2013
星星之火;2013
虎鲨在行动;2013
本命年;2013
初恋未满;2013
太极侠;2013
被偷走的那五年;2013
救我;2013
野人传奇;2013
沉默往事;2013
跑山;2013
杜甫;2013
盲探;2013
五女拜寿（花鼓戏）;2013
小时代:青木时代;2013
生死格斗;2013
毛泽东与齐白石;2013
乐乐熊奇幻追踪;2013
四大名捕2;2013
红色满洲里;2013
笔仙Ⅱ;2013
追踪长尾豹马修;2013
咒·丝;2013
天台爱情;2013
窃听风云;2013
陪护一小时;2013
周恩来的四个昼夜;2013
完美婚礼;2013
2013上海国际动漫影展;2013
大明猩;2013
今天明天;2013
西藏天空;2013
阿诗玛;2013
我的康乃馨;2013
电影先锋;2013
兰亭;2013
校花诡异事件;2013
伊宁不眠夜;2013
艾草仙姑;2013
珠城之恋;2013
赛尔号3战神联盟;2013
我爱的是你爱我;2013
葵花朵朵;2013
重返地球;2013
民工街舞队;2013
惊天危机;2013
天台;2013
酒肆风雪夜;2013
舞出我人生：街舞;2013
火焰山历险记;2013
自行车;2013
生活的颤音;2013
早见，晚爱;2013
模特魅影;2013
东京审判;2013
雪落_牛河;2013
达人也疯狂;2013
白雪公证与青蛙王子;2013
家里的不速之客;2013
不肯去观音;2013
我是大明星;2013
大明星;2013
早安，小树;2013
吴哥的微笑;2013
我爱灰太狼2;2013
爱·回家;2013
铁血壮士;2013
野蛮的温柔;2013
正骨;2013
哺乳期的女人;2013
沔阳一九一一;2013
滚拉拉的枪;2013
那一抹青春;2013
黑井往事;2013
绿草地;2013
昆塔？盒子总动员;2013
春天的狂想;2013
环太平洋;2013
激战;2013
一夜惊喜;2013
钢铁玫瑰;2013
青春期;2013
绑架对门狗;2013
青春的应答;2013
益西卓玛;2013
宫锁沉香;2013
少女灵异日记;2013
一场风花雪月的事;2013
城市游戏;2013
环游地球八十天;2013
后会无期;2013
白发魔女传之明月天国;2013
情缘廊桥;2013
诡魇;2013
龙之谷：破晓奇兵;2013
秦时明月之龙腾万里;2013
绣春刀;2013
闺蜜;2013
神秘世界历险记2;2013
暴力街区;2013
极乐空间;2013
洋妞到我家;2013
碟仙诡谭;2013
聪明小鬼斗笨贼;2013
嗨起，打他个鬼子;2013
寻找智美更登;2013
怪兽大学;2013
夜迷宫;2013
小神来了;2013
2013土耳其电影周;2013
高铁英雄;2013
纯纯欲动;2013
夏日示爱;2013
香港电影展（广东）;2013
摩登年代;2013
粉红女郎之爱人快跑;2013
牛胆神偷;2013
全民目击;2013
冬去春来;2013
海啸奇迹;2013
神偷特工;2013
回到爱开始的地方;2013
来历不明;2013
粉红丝带;2013
爱开始的地方;2013
战争狂人;2013
白银帝国;2013
鱼儿离不开水;2013
暗藏杀机;2013
再见外星人;2013
少年岳飞;2013
人生不能重来;2013
隔山有限;2013
了不起的盖茨比;2013
疯狂的导演;2013
对岸的战争;2013
我爱高大全;2013
花漾;2013
功夫小子;2013
蓝精灵2;2013
蟹蟹侬;2013
找乐;2013
青春小说;2013
舞出我人生;2013
笛声何处;2013
时光恋人;2013
阳关灿烂的日子;2013
哈勃太空望远镜3D;2013
致命怪谈;2013
青春指南;2013
逆袭;2013
2013巴西电影节;2013
警至情归;2013
无手老师;2013
夏日暖洋洋;2013
4B青年之4楼B座;2013
凶宅幽灵;2013
幸福，请签收;2013
神奇;2013
校车;2013
夏天的拉花;2013
狄仁杰之神都龙王;2013
5月天诺亚方舟;2013
非常幸运;2013
爱别离;2013
乔布斯;2013
一座城池;2013
极速蜗牛;2013
没有共产党就没有新中国;2013
金刚王？死亡救赎;2013
团圆;2013
民警故事;2013
我的母亲;2013
落经山;2013
隐私保险箱;2013
一路顺疯;2013
猎仇者;2013
白狐;2013
爸爸妈妈复婚记;2013
花好月圆;2013
千机变II----花都大战;2013
心曲;2013
惊天魔盗团;2013
我的野蛮女教师;2013
81号农场之保卫麦咭;2013
独行侠;2013
逃出生天;2013
老刘的婚路历程;2013
小河亲过我的脸;2013
警察日记;2013
三峡好人;2013
目标战;2013
一路顺风;2013
黄花塘;2013
闪婚总动员;2013
国术英雄谱之亢龙有悔;2013
风云小棋王2;2013
特殊身份;2013
心战;2013
女人公敌;2013
盗剑72小时;2013
蝙蝠别墅;2013
豆芽与包子;2013
厨子程天喜;2013
私奔B计划;2013
我想和你好好的;2013
香螺岛的故事;2013
门巴将军;2013
念书的孩子Ⅱ;2013
我的电脑会说话;2013
冒顿;2013
诡婴吉咪;2013
禁忌游戏之迷藏;2013
金刚狼2;2013
拆弹英雄;2013
永远是春天;2013
2013德国电影展;2013
上海公园;2013
乡村警事;2013
韩城攻略;2013
请将我遗忘;2013
爱拼北京;2013
赤壁(上);2013
背水一战（美国）;2013
双雄（英国）;2013
大明劫;2013
小巷总理;2013
铁血娇娃;2013
金蝉脱壳;2013
背水一战;2013
X战警:背水一战;2013
如果没有你;2013
2013西班牙电影周;2013
海底大冒险;2013
2013欧盟电影展;2013
赤焰战场2;2013
制服;2013
东方大港;2013
斯大林格勒;2013
梦想庄园;2013
恶战;2013
精灵旅社;2013
我为相亲狂;2013
青藏线;2013
亲情接力;2013
诡拼车;2013
意外的恋爱时光;2013
冲锋战警;2013
光的棍;2013
十号机密;2013
老萨的战争;2013
龙舞金瓶;2013
爱你输给了谁;2013
憨憨公子扳倒爹（戏曲）;2013
忠诚;2013
卒迹;2013
我们天上见;2013
太空熊猫历险记;2013
雷神2：黑暗世界;2013
孪生密码;2013
绿茶;2013
有种;2013
同学录;2013
闪魂;2013
斯大林永远活在我们心;2013
2013香港主题电影展;2013
我的生活我做主;2013
甜心巧克力;2013
你要去北京;2013
警察追击;2013
我爱你;2013
看上去很美;2013
控制;2013
如此荒唐;2013
警察故事2013;2013
地心引力;2013
暴躁天使;2013
飞天鱼;2013
怒放之青春再见;2013
山外是海;2013
饥饿游戏2：星火燎原;2013
周恩来;2013
让我们西米吧;2013
伊犁河;2013
生日历险;2013
王后秘史;2013
飘落的羽毛;2013
罗西与莫妮卡之骊_情;2013
扫毒;2013
我又十八;2013
非狐外传;2013
无用;2013
俐_阿朵;2013
火线反攻;2013
森林战士;2013
幸福快递;2013
无人区;2013
希望的田野;2013
野猪林（戏曲）;2013
怪友;2013
听见下雨的声音;2013
孔雀;2013
城市门;2013
风暴;2013
红番区;2013
狼少年;2013
完美超越;2013
80后的独立宣言;2013
天之恩赐;2013
高凤山;2013
不许离婚;2013
乳娘情;2013
啊朋友还钱;2013
奥林匹斯的陷落;2013
龙在哪里？;2013
无敌小子霍元甲;2013
半生缘;2013
我的美丽王国;2013
青蛙王国;2013
听见你说我爱你;2013
小街;2013
私人订制;2013
老表轶事（花鼓戏）;2013
等风来;2013
武昌情殇;2013
雪野金花;2013
心灵解码;2013
中国好声音之为你转身;2013
U盘;2013
路边草;2013
石斛兰;2013
刺客;2013
夺樽;2013
无枪;2013
青春祭;2013
房间里的舞蹈;2013
兴国往事;2013
双胞胎;2013
鱼湾村的故事;2013
椰岛警魂;2013
无价之宝;2013
迷魂之密室逃脱;2013
马背上的法庭;2013
白日焰火;2013
州官传奇;2013
美丽的夜晚;2013
少年毛泽东;2013
弹无虚发之深藏不露;2013
死亡邮件;2013
圣杯神器：骸骨之城;2013
对不起，我爱你;2013
特别的爱;2013
情归陶然亭;2013
我要回城;2013
又见梅兰芳;2013
初夏日记;2013
透析;2013
古画之谜;2013
救火英雄;2013
李祥和的婚事（曲剧）;2013
史前怪兽;2013
201413;2013
怪物史瑞克4;2013
神偷奶爸2;2013
喜羊羊与灰太狼之飞马奇遇记;2013
爸爸去哪儿;2013
安德的游戏;2014
商魂;2014
史前一万年;2014
9号女神;2014
不爱不散;2014
熊出没之夺宝熊兵;2014
熊出没注意;2014
迁徙;2014
江南爱情故事;2014
天依然湛蓝;2014
六福喜事;2014
枣儿红了;2014
火鸡总动员;2014
金牌流浪狗;2014
西湖传奇;2014
夺命地铁;2014
早安，冬日海;2014
夜宴;2014
怒放的青春;2014
怒放;2014
好运，特克斯;2014
赞鸟历险记;2014
一触即发;2014
前任攻略;2014
喋血通臂拳;2014
诡镇;2014
碧海琴心;2014
极地大冒险2;2014
大厨;2014
禁止吸烟;2014
巴啦啦小魔仙之魔法的考验;2014
永不消失的广播;2014
男左女右;2014
北京爱情故事;2014
我是狼;2014
澳门风云;2014
月圆凉州;2014
考拉大冒险;2014
拯救大明星;2014
冰雪奇缘;2014
激浪青春;2014
墨攻;2014
幸福中转栈;2014
我叫阿里木;2014
雷霆缉私;2014
青春无毒;2014
过界男女;2014
完美假妻168;2014
不能忘却的长征;2014
谁说我们不会爱;2014
扫雷计划;2014
大话天仙;2014
爸爸回家;2014
菊花台;2014
男妇女主任;2014
爱情万岁;2014
兵临城下;2014
林中小屋;2014
近距离击杀;2014
我们接吻吧;2014
天若有情;2014
李可乐寻人记;2014
大话东游之二;2014
命运派对;2014
别惹我（法国）;2014
天理难容;2014
霍比特人2：史矛革之战;2014
狂舞派;2014
威尼斯到北京电影展映活动;2014
凡人烦恼;2014
机械战警;2014
大墙无言;2014
我和我的小伙伴们;2014
双龙会;2014
星光俏佳人;2014
爱在旅途;2014
一个温州的女人;2014
脱轨时代;2014
武僧传奇之决战程子沟;2014
武术之少年行;2014
笔仙惊魂3;2014
恋爱789;2014
甜蜜杀机;2014
恋者多喜欢;2014
关工委主任;2014
家园防线;2014
祈祷;2014
老百姓是天;2014
黄连有点甜;2014
两个人的房间;2014
长大成人;2014
毛泽东的故事;2014
极品飞车;2014
雪国列车;2014
女人要爱;2014
化妆师;2014
盗马记;2014
真假铁马骝;2014
英雄之战;2014
绝命航班;2014
云中岗亭;2014
一号目标;2014
石将军石勇;2014
贩马记;2014
水草;2014
解放太原;2014
大峰祖师;2014
卡拉是条狗;2014
向阳坡传说;2014
百变爱人;2014
大力神;2014
驯龙骑士;2014
天才眼镜狗;2014
公主复仇记;2014
伤城;2014
盟军夺宝队;2014
秋语;2014
三小强;2014
美国队长2;2014
深海喋血;2014
整容日记;2014
梨花美人;2014
焦裕禄;2014
刺杀吉川;2014
村支书金岚岚;2014
我不是王毛;2014
县委书记焦裕禄（豫剧）;2014
黄海怀;2014
特工艾米拉之生化危机;2014
变脸;2014
小人国;2014
再爱一次好不好;2014
硬汉奶爸;2014
里约大冒险2;2014
追爱大布局;2014
烟雨红颜;2014
第四届北京国际电影节展映影片;2014
血彩;2014
谁偷了我的菜;2014
人间小团圆;2014
魔警;2014
超验骇客;2014
云的模样;2014
金色记忆;2014
没完没了;2014
201413.爱你一世一生;2014
图兰朵;2014
旅行离婚;2014
你是我的风景;2014
怖偶;2014
同桌的你;2014
真爱无敌;2014
第四届北京国际电影节（一）;2014
第四届北京国际电影节（二）;2014
第四届北京国际电影节（三）;2014
世界屋脊的歌声;2014
第四届北京国际电影节（五）;2014
第四届北京国际电影节（七）;2014
国旗阿妈;2014
第四届北京国际电影节（四）;2014
最佳嫌疑人;2014
第十九层空间;2014
第四届北京国际电影节（六）;2014
冰封：重生之门;2014
火山对对碰;2014
国宝疑云;2014
放手爱;2014
伙头福星;2014
甘南情歌;2014
第十一届法国电影展四川展映;2014
碟中谍;2014
碟中谍2;2014
德吉德;2014
电影节上的贵宾;2014
电影节的贵宾;2014
守望平安;2014
心语;2014
寒风镇;2014
红尾鸽;2014
生死牛玉儒;2014
路的远方;2014
成成烽火之第一骑兵师;2014
寻找声音的耳朵;2014
马奈的新娘;2014
马车的假期;2014
最高惩罚;2014
催眠大师;2014
守望一生;2014
仙人坝的红衣兜;2014
妈妈别哭;2014
画圣;2014
2014新西兰电影展;2014
新鲁冰花;2014
丑男大翻身;2014
欢迎你到阿尔村;2014
诺日吉玛;2014
窃听风云3;2014
踏雪寻梅;2014
聪明一休之反斗公主;2014
玫瑰天涯;2014
千里追踪;2014
超凡蜘蛛侠2;2014
帝王蝶的迁徙;2014
第一眼爱情;2014
魔幻厨房;2014
归来;2014
克莱尔·丹尼斯导演作品回顾展;2014
真爱;2014
炮制女朋友;2014
我的七年;2014
蜂鸟特攻;2014
渴望的青春;2014
刘庄布偶;2014
边区造;2014
心咒;2014
妈妈去哪儿;2014
求爱嫁期;2014
我的播音系女友;2014
侨女日记;2014
盗马贼;2014
太空熊猫总动员;2014
永远的焦裕禄;2014
X战警：逆转未来;2014
珍珠港;2014
黑炮事件;2014
一个和八个;2014
天上的菊美;2014
俄罗斯电影周;2014
幸福梦想;2014
缘来是游戏;2014
龙凤呈祥（京剧）;2014
好好的活着;2014
银杏之梦;2014
第七种味道;2014
无处可逃;2014
37次想你;2014
风云1927;2014
X战警2;2014
潜艇总动员4—章鱼奇遇记;2014
腊月的春;2014
“封”门村;2014
魔幻仙踪;2014
守候的心;2014
黑月;2014
笔仙3;2014
情笛之爱;2014
假日总动员;2014
玄奘大师;2014
大红灯笼高高挂;2014
婚礼歌手;2014
疯狂七十二小时;2014
封门诡影;2014
未卜;2014
镇海保卫战;2014
猪猪侠之勇闯巨人岛;2014
辛巴达历险记2;2014
老男孩猛龙过江;2014
新地雷战—神勇小子;2014
美人邦;2014
魔幻魅力;2014
天降美食;2014
爱不能远离;2014
少林英雄;2014
哥斯拉;2014
明日边缘;2014
2014法国电影展广东展映;2014
夜半梳头;2014
那山那人那狗;2014
双旗镇刀客;2014
海盗;2014
木乃伊Ⅲ;2014
2014法国电影展湖北展映;2014
2014法国电影展江苏展映;2014
分手达人;2014
谁动了我的梦想;2014
金色时光;2014
孤胆保镖;2014
青春逆袭;2014
爱情两对半;2014
你是我的兄弟;2014
梦萦张家界;2014
2014法国电影展山东展映;2014
反贪风暴;2014
古路;2014
村曲悠扬;2014
断桥遗梦;2014
2014法国电影展辽宁展映;2014
逆袭的青春;2014
黑白往事;2014
梦寻;2014
乐火男孩;2014
梦寻桃花源;2014
摩纳哥王妃;2014
兰辉;2014
分手大师;2014
京城81号;2014
沉睡魔咒;2014
丛林之王;2014
热武青春;2014
庞贝末日;2014
卧虎藏龙;2014
台湾闽南语电影展映周;2014
我就是我;2014
变形金刚4：绝迹重生;2014
虐面人;2014
铁人的红领巾;2014
破局;2014
阵痛;2014
恋城;2014
阿K诗篇;2014
给太太打工;2014
不再说分手;2014
海神密码;2014
小时代3：刺金时代;2014
2014法国电影展宁夏展映;2014
我的老公是卧底;2014
断片儿;2014
阳光舞台;2014
第17届上海国际电影节放映影片;2014
爱情麻辣烫;2014
战争中的女人——沂蒙六姐妹;2014
章鱼哥;2014
超萌英雄;2014
精武英雄;2014
洛克王国3圣龙的守护;2014
守候;2014
赛尔号大电影4圣魔之战;2014
宗师;2014
环城七十里;2014
春芽;2014
生死缉毒;2014
撒娇女人最好命;2014
美国骗局;2014
CCG EXPO动画电影展映;2014
狭路相逢;2014
大宅男;2014
小人国之酷学时代;2014
仁者医路;2014
再见巨人;2014
金秋喜临门;2014
爱未央;2014
李子王的浪漫事;2014
胜利;2014
检察官吴群的故事;2014
斗茶;2014
单身男女II;2014
北回归线;2014
情战;2014
开心超人2之启源星之战;2014
倒霉大叔的新事（豫剧）;2014
幻影车神：魔盗激情;2014
冬荫功2：拳霸天下;2014
打擂台;2014
曼德拉;2014
驯龙高手2;2014
兔子镇的火狐狸;2014
神笔马良;2014
后会有期;2014
检察长;2014
香魂塘畔香魂女;2014
军医;2014
城南旧事;2014
爱你不等来生;2014
天生有福;2014
洗澡;2014
龟兔再跑;2014
西洋镜;2014
绝密跟踪;2014
二子开店;2014
六壮士;2014
我想结婚的时候你在哪;2014
没事儿偷着乐;2014
太空营救;2014
美丽笨女人;2014
竹儿潇潇;2014
迟到的恋曲;2014
崂山道士;2014
火童;2014
分手，不分手;2014
飞跃地心;2014
三个和尚;2014
九色鹿;2014
动物也疯狂;2014
横空出世;2014
昆虫总动员（法国）;2014
江湖论剑实录;2014
非常旅途;2014
史来贺;2014
世纪大阅兵;2014
铁血大动脉;2014
爱情进化论;2014
香气;2014
0.5的爱情;2014
麦特·巴卜和打嘴;2014
永春白鹤拳之擎天画卷;2014
好命先生;2014
孕城;2014
鱼龙勇士;2014
基隆;2014
渡江侦察记;2014
骏马少年;2014
2014印度电影展;2014
驯龙高手;2014
神秘的旅伴;2014
一个人的追逃;2014
下一站·再爱你;2014
红色娘子军;2014
床下有人2;2014
这个大叔不太_;2014
鸡犬不宁;2014
白雪公主之矮人力量;2014
细菌大作战;2014
临时同居;2014
四大名捕大结局;2014
谁来陪伴我;2014
德吉的诉讼;2014
剑齿王朝;2014
华英雄;2014
月球大冒险;2014
忘了去懂你;2014
诡计1940;2014
临时特工;2014
精武家庭;2014
父亲的病;2014
昆虫总动员;2014
木偶传奇之小铃铛保卫战;2014
敢死队3;2014
特功明星;2014
铁塔油花;2014
泡菜;2014
一生一世;2014
过山车;2014
花香女人花;2014
我们毕业的夏天;2014
猩球崛起：黎明之战;2014
大丑;2014
金婚;2014
美女与野兽;2014
走出迷林;2014
2014韩国电影展;2014
黄土情;2014
与贼同屋;2014
神通佛影;2014
一个人的武林;2014
战将周希汉;2014
老鼠爱上猫;2014
二蛋狂奔;2014
茉莉花开;2014
卧龙岗;2014
我们永远在一起;2014
我是你的野蛮女友;2014
空中营救;2014
分歧者：异类觉醒;2014
有一天;2014
挑战者联盟;2014
大顺·1927;2014
女生宿舍;2014
老大别怕;2014
心花路放;2014
摩登森林之美食总动员;2014
美食总动员;2014
挑战者姚明;2014
情为何物;2014
挑战者;2014
我的情敌是超人;2014
Hello!树先生;2014
等你追我;2014
黄金时代;2014
触不可及;2014
不惧风暴;2014
死亡派对;2014
七一在北平;2014
森林孤影;2014
我的青春密友;2014
女生日记;2014
乡村守望的女人;2014
诡替身;2014
银河护卫队;2014
小鬼队;2014
夜来香;2014
战金刚;2014
少年当自强;2014
荣誉至上;2014
乱世护宝;2014
紧急救援;2014
超体;2014
钱在路上跑;2014
从哪来，到哪去;2014
玩友;2014
亲爱的;2014
白幽灵传奇之绝命逃亡;2014
黎明之眼;2014
魁拔3战神崛起;2014
诡捌楼;2014
痞子英雄：黎明升起;2014
毛驴县令之歪打正着;2014
爱，在一起;2014
空山鸟语;2014
新大头儿子和小头爸爸之秘密计划;2014
决战紫禁之巅;2014
铠甲勇士之雅塔莱斯;2014
少女哪咤;2014
我的“狐朋狗友”;2014
魔都爱之十二星座;2014
广东第二届香港电影展映;2014
夜莺;2014
麦兜？我和我的妈妈;2014
黄克功案件;2014
求爱大作战;2014
大局;2014
虎皮枫木;2014
鼓点上的梦;2014
守望者;2014
密战黑茶山;2014
自然密码;2014
母亲的梦想;2014
厉害媳妇;2014
山子的一家;2014
食人虫;2014
血色宣言;2014
深圳的孩子;2014
2014香港主题电影展映;2014
推拿;2014
甘南曼巴;2014
“代”乡长主政;2014
青涩日记;2014
求职公寓;2014
搏击迷城;2014
梦之春;2014
喵星少年漂流记;2014
甘露;2014
你是太阳，我是月亮;2014
神秘指纹;2014
卓尼土司;2014
五彩神箭;2014
魔鬼;2014
十二生肖城市英雄;2014
九品芝麻官;2014
花·儿;2014
密道追踪;2014
铁飞侠;2014
冰川时代2：融冰之灾;2014
情定北塘湾;2014
爱在黄昏日落前;2014
移动迷宫;2014
81号农场之疯狂的麦咭;2014
小西天狄道传奇;2014
钟馗传奇之岁寒三友;2014
使命;2014
房车奇遇;2014
狙击时刻;2014
恐怖电影院;2014
毕业那年——分手季;2014
人皮拼图;2014
食人鱼;2014
麻将棒棒手;2014
跑过罗湖桥;2014
深情约定;2014
打工老板;2014
女神跟我走;2014
鸣梁海战;2014
梯玛和他的儿子;2014
冰川时代2;2014
水煮金蝉;2014
雪域丹青;2014
老腔;2014
河曲马;2014
熊猫故事;2014
一个人的课堂;2014
最青春;2014
房子;2014
深夜前的五分钟;2014
躁动时代;2014
人间正道;2014
狗尾巴也是草;2014
奈河;2014
忍者神龟：变种时代;2014
太平轮（上）;2014
城南庄1948;2014
等一个人咖啡;2014
宙斯之子赫拉克勒斯;2014
新墙头记;2014
闯入迷宅;2014
神剑传奇;2014
舞出人生;2014
飞鱼秀;2014
似水流年;2014
天国逆子;2014
孤岛;2014
人生;2014
接管;2014
剑河;2014
合欢树;2014
七叔;2014
不能说的夏天;2014
胡僧;2014
追你到天边;2014
狂野非洲;2014
露水红颜;2014
三更车库;2014
长征(上下集);2014
一声叹息;2014
上海优秀经典科教纪录片展映周（2014）;2014
夜莺（动画片）;2014
全城通缉;2014
报国之路;2014
深夜的左侧;2014
太后吉祥;2014
找个高富帅？;2014
深海挑战;2014
21岁派对;2014
守望天湖;2014
功夫豫菜;2014
我不是贼;2014
爱情狂想曲;2014
怨灵;2014
斑马总动员;2014
妈咪侠;2014
星际穿越;2014
闯堂兔2疯狂马戏团;2014
匆匆那年;2014
我的早更女友;2014
一步之遥;2014
花咒;2014
凤凰台;2014
激情跳水梦;2014
理儿;2014
李大钊;2014
守望未来;2014
摇滚英雄;2014
回族儿女;2014
潜龙风云;2014
拆散专家;2014
马达加斯加的企鹅;2014
藏地桃花;2014
家亦有道;2014
黄飞鸿之英雄有梦;2014
遥远的锡林郭勒;2014
平安之盾;2014
枪过境;2014
秘术;2014
怨灵人偶;2014
街舞小子;2014
末日情人;2014
破五;2014
天河;2014
2014德国电影展映;2014
换爱七日;2014
街舞少年;2014
天河之恋;2014
狂怒;2014
斐济99°的爱情;2014
有种你爱我;2014
红包;2014
毛泽东去安源;2014
谍莲花;2014
老街警事;2014
坏姐姐之拆婚联盟;2014
七日;2014
匆匆那些年;2014
分手木马计;2014
玩命试爱;2014
山里的梦想;2014
微爱之渐入佳境;2014
2014西班牙电影展映;2014
机器纪元;2014
青春时光;2014
糗事百科之_人糗事;2014
将错，就错;2014
哦，爱;2014
心迷宫;2014
大惊小怪;2014
大李、老李和小李;2014
强者;2014
平原游击队;2014
社区书记;2014
冲锋车;2014
天地英雄;2014
绿色救赎之追捕真凶;2014
太和武当;2014
女理发师;2014
精武青春;2014
军渡;2014
周恩来万隆之行;2014
满意不满意;2014
旭日;2014
2014艺术影院第一批篇目;2014
非常警察;2014
童真的眼睛;2014
今天我休息;2014
男人不可以穷;2014
风云小棋王之解杀反捉;2014
追爱计中计;2014
南平劫;2014
我是女王;2014
暴走神探;2014
恋爱排班表;2014
北燕南鸣;2014
全能_爸;2014
金鼓槌;2014
阳光里的幸福;2014
龙骧虎跃;2014
真爱之吻;2014
公主为奴;2014
亲情（故事片）;2014
老兵;2014
时间都去哪了;2014
末日浩劫;2014
奇葩追梦;2014
赚够一千万;2014
长江图;2014
广东第一届澳门电影展映周;2014
李三娘（花鼓戏）;2014
抢劫坚果店;2014
求生者;2014
还魂之迷失曼谷;2014
毛泽东在上海·1924;2014
神眼之红毛鬼;2014
十万个冷笑话;2014
侠僧探案传奇之大兴赌坊;2014
成都，我爱你;2014
腹地;2014
和平将军陶_岳;2014
那座山;2014
重返20岁;2014
阿拉尔·我和你;2014
博物馆奇妙夜3;2014
寻梦;2014
壁虎;2014
王牌;2014
爱你七天半;2014
一剑钟情;2014
超萌宝贝;2014
向阳花开;2014
大李小李和老李;2014
龙骑侠;2014
一代宗师（终极版）;2015
龙骑士;2015
面孔;2015
亡命地中海;2015
弹无虚发之夺命童谣;2015
龙吟;2015
功夫小龙;2015
男人三五十;2015
致命对决;2015
蜡笔总动员;2015
前目的地;2015
博物馆奇妙夜2;2015
追爱·十年;2015
巧娶媳妇;2015
生死传递;2015
摇滚水果;2015
恩怨;2015
博物馆奇妙夜;2015
塞外长风;2015
青春之歌;2015
我是小强;2015
奇缘灰姑娘;2015
安妮：纽约奇缘;2015
伞头和他的女人;2015
天目;2015
大闹天宫(上);2015
百万彩票;2015
青春的脚步;2015
冲上云霄;2015
韩妈妈和她的儿女们;2015
风筝;2015
狼图腾;2015
村官段爱平;2015
柳堡的故事;2015
浴血雁门关;2015
第七子：降魔之战;2015
桔子的天空;2015
蝶恋花;2015
我要你开花;2015
蚀之霜天晓角;2015
坚不可摧;2015
霍比特人：五军之战;2015
猛龙过江;2015
三七情缘;2015
锁里;2015
熊出没之雪岭熊风;2015
怪谈;2015
冬;2015
私房钱;2015
紧急迫降;2015
彩虹总在风雨后;2015
缉毒生死线;2015
黄金福将;2015
澳门风云II;2015
味道中国;2015
我和妈妈;2015
冬蝉;2015
喜羊羊与灰太狼之羊年喜羊羊;2015
奔跑吧兄弟;2015
超级爸爸;2015
热血男人帮;2015
奔驰的大葱;2015
谁说我不在乎;2015
浪漫天降;2015
时光大战;2015
宝贝，对不起;2015
心灵的眼睛;2015
2015年1月艺术影院国产片;2015
摩尔庄园大电影3魔幻列车大冒险;2015
一路惊喜;2015
轻羽飞扬;2015
天良;2015
热情奏鸣曲;2015
危机行动;2015
有一个地方只有我们知道;2015
神探驾到;2015
我只要我们在一起;2015
开工大急;2015
林海雪原;2015
钟馗伏魔：雪妖魔灵;2015
魔法总动员;2015
死亡之谜;2015
天将雄师;2015
守望女;2015
饥饿游戏3：嘲笑鸟（上）;2015
可爱的你;2015
十面埋伏;2015
兔侠之青黎传说;2015
生死拯救;2015
花镜;2015
新年行动;2015
超能陆战队;2015
一万年以后;2015
抢钱夫妻;2015
爸爸去哪儿2;2015
爸爸的假期;2015
秘密图纸;2015
大喜临门;2015
美丽乡愁;2015
大刀关胜;2015
新娘大作战;2015
只要我们在一起;2015
新年来啦之大闹除夕;2015
小铃铛;2015
浅蓝深蓝;2015
云中的郎木寺;2015
祖国的花朵;2015
热干面的味道;2015
锁麟曩（秦腔）;2015
雨城故事;2015
致命的一击;2015
狗爷猫妈;2015
羊城暗哨;2015
生死金天鹅;2015
爸爸的晚餐;2015
生死诀;2015
狼牙;2015
陌路冤家;2015
北京，纽约;2015
天上人;2015
南漂;2015
战狼;2015
蚀之怀抱朴素;2015
吉星高照2015;2015
吉祥四宝;2015
钟馗;2015
风雨日升昌;2015
木星上行;2015
天荒情未老;2015
帕丁顿熊;2015
走向梦想的日子;2015
不能错过;2015
新年真好;2015
生命处方;2015
十三根金条;2015
木偶情缘;2015
18岁18天;2015
圆梦北京之绽放青春;2015
锁麟囊;2015
华侨村官;2015
最美的时候遇见你;2015
疯狂飘逸假爸爸;2015
失孤;2015
林家铺子;2015
灰姑娘;2015
湖之恋;2015
“杏”福来敲门;2015
念念;2015
扑通扑通我的人生;2015
爱上灰姑娘;2015
飓风营救3;2015
璀璨的婚礼;2015
魔卡;2015
死神与少女;2015
咱们结婚吧;2015
2015法国新浪潮电影回顾展;2015
扎赉诺尔;2015
菜鸟;2015
王牌特工：特工学院;2015
贵族大盗;2015
六世古宅;2015
速度与激情7;2015
暴疯语;2015
第七谎言;2015
王化买父;2015
飞翔的爱;2015
战·无双;2015
无敌小飞猪;2015
舞台姐妹;2015
我亲爱的小淘气;2015
霸王别姬（戏曲·京剧）;2015
苏武牧羊（戏曲·豫剧）;2015
公路美人;2015
天琴美人;2015
第五届北京国际电影节进口片;2015
我是奋青;2015
伴你高飞;2015
天脉传奇;2015
乡村里的中国;2015
抱养奇缘;2015
海岛小卫士;2015
龙旋风;2015
点对点;2015
八十一格;2015
陌路惊笑;2015
万物生长;2015
极度险情;2015
爱我就陪我看电影;2015
十万伙急;2015
十万火急;2015
何以笙箫默;2015
咱们的工会主席;2015
库布里克回顾展;2015
闯入者;2015
疯狂外星人;2015
破坏者;2015
迫在眉睫;2015
赤道;2015
左耳;2015
状元媒（戏曲.京剧）;2015
斗地主;2015
龙凤呈祥;2015
六扇门之玄武初现;2015
医缘;2015
梦幻列车;2015
卡萨布兰卡;2015
逃离恐龙岛;2015
阳光总在风雨后;2015
旋风九日;2015
杀破狼2;2015
姑鲁之恋;2015
笔尖沧桑;2015
上门女婿;2015
枕边诡影;2015
一个勺子;2015
大山的声音;2015
十二公民;2015
老海的新生活;2015
大道如天;2015
超能查派;2015
藏羚王;2015
阿里巴巴大盗奇兵;2015
复仇者联盟2：奥创纪元;2015
日本电影周;2015
地下追击;2015
永远的守望;2015
重生爱人;2015
借兵;2015
山间传来牛铃声;2015
迷与狂;2015
夺命旅行;2015
异种;2015
旋风小子;2015
土豪520;2015
湘女萧萧;2015
孽海恩怨;2015
萧何月下追韩信（戏曲）;2015
天亮了;2015
我的个神啊（数字）;2015
屠魔战士;2015
情满人间;2015
杀漠;2015
超导;2015
赤道雪山下的国家坦葛;2015
王贵与李香香;2015
夺命心跳;2015
我的女主角;2015
明日世界;2015
潜艇总动员之时光宝盒;2015
哆啦A梦：伴我同行;2015
逃亡战士;2015
我们的十年;2015
末日崩塌;2015
金箍棒传奇2：沙僧的逆袭;2015
伴我同行;2015
为了你的微笑;2015
哆啦A梦大冒险;2015
天亮，分手;2015
阿凡提和阿瓦提;2015
山丹丹花儿开;2015
意大利当代电影展;2015
天边的孩子;2015
不打不相爱;2015
超能兔战队;2015
和你在一起;2015
谍影特工;2015
楚溪的故事;2015
墓穴迷城;2015
极速风流;2015
别有动机;2015
去年夏天;2015
风云小棋王之五行杀阵;2015
汽车人总动员;2015
我是路人甲;2015
侏罗纪世界;2015
照见;2015
快递丘比特;2015
法国电影展深圳展映;2015
我是谁2015;2015
第七届两岸电影展-台湾电影展;2015
再见我们的十年;2015
天云山传奇;2015
我这一辈子;2015
文字国历险记—浩昊勇闯童话城;2015
爸爸我来救你了;2015
我是谁;2015
法国电影展;2015
一诺重如山（戏曲）;2015
红军乡;2015
第17届上海国际电影节进口影片;2015
少年班;2015
回乡种田;2015
小英雄雨来;2015
暖春;2015
听说;2015
我的男友和狗;2015
分歧者2：绝地反击;2015
天津香港电影展;2015
小猪班纳大电影之梦想大“帽”险;2015
奥赛罗;2015
刺客聂隐娘;2015
老五的“奥斯卡”;2015
惊魂电影院;2015
煎饼侠;2015
我很有才;2015
对风说爱你;2015
三只小猪与神灯;2015
西游新传—真心话大冒险;2015
拳霸风云;2015
女帅男兵;2015
少年棋王;2015
西游记之大圣归来;2015
我是乡下爷;2015
再次出发之纽约遇见你;2015
横冲直撞好莱坞;2015
临沧的诱惑;2015
约定倒计时;2015
邓小平登黄山;2015
无法证明;2015
午夜43路;2015
布基兰;2015
因为谷桂花;2015
小海的海;2015
对面一枪;2015
张振讲故事之鬼迷心窍;2015
牧笛;2015
恐怖游泳馆;2015
无锁不能;2015
恐怖笔记;2015
栀子花开2015;2015
罪恶赎金;2015
默守那份情;2015
野猪林;2015
道士下山;2015
简单·爱;2015
小时代4：灵魂尽头;2015
班主任;2015
捉妖记;2015
情回鹭岛;2015
当流星划过天际;2015
放心去飞;2015
猪猪侠之终极决战;2015
宅女侦探桂香;2015
扬起你的笑脸;2015
情归鹭岛;2015
憨哥进城;2015
太极先锋;2015
高兴;2015
夏洛特烦恼;2015
狼牙山五壮士;2015
烈日灼心;2015
命中注定;2015
等爱归来;2015
保山;2015
栀子花开;2015
巴黎假期;2015
月亮湾的笑声;2015
美人鱼之海盗来袭;2015
小羊肖恩;2015
爱情魔发师;2015
诺苏之鹰;2015
奥拉星：进击圣殿;2015
模仿游戏;2015
为了这片土地;2015
东北偏北;2015
赛尔号大电影5雷神崛起;2015
爱之初体验;2015
王朝的女人·杨贵妃;2015
星星的梦;2015
河;2015
谜城;2015
桑吉卓玛;2015
贫穷富爸爸;2015
守梦者;2015
2015成都泰国电影周;2015
狂野飞车;2015
男人制造;2015
民工·老大·老板;2015
滚蛋吧！肿瘤君;2015
新步步惊心;2015
三城记;2015
青春的绽放;2015
破风;2015
纪念白求恩;2015
红髅;2015
太平轮·彼岸;2015
杨贵妃;2015
桂宝之爆笑闯宇宙;2015
黑猫警长之翡翠之星;2015
蚀之春风桃李;2015
一路向前;2015
冰雪女王;2015
虹飞千岛;2015
黑色闪电;2015
山娃;2015
轩辕剑传奇;2015
琴弦上的爱;2015
黑瞳;2015
我爸比我小四岁;2015
天各一方;2015
盗非盗;2015
老师也疯狂;2015
一诺·千金;2015
相伴库里申科;2015
七月半之恐怖宿舍;2015
情剑;2015
白雪公主之神秘爸爸;2015
洛克王国4：出发！巨人谷;2015
迪迪帮帮总动员之游乐城冒险记;2015
百团大战;2015
师父;2015
恋爱中的城市;2015
双生灵;2015
魔镜;2015
非你勿扰;2015
我和红七军;2015
鹭语;2015
白蛇传（戏曲）;2015
人在征途;2015
我是大熊猫2;2015
蚀之章台秋柳;2015
虎口脱险;2015
传奇状元伦文叙;2015
华丽上班族;2015
开罗宣言;2015
港_;2015
大漠青春;2015
里耶·情简;2015
鹰笛·雪莲;2015
火力目标;2015
喜马拉雅王子;2015
终结者：创世纪;2015
半夜叫你别回头;2015
战火中的芭蕾;2015
王子与108煞;2015
星语心愿之再·爱;2015
爱情麻辣烫之情定终身;2015
恋爱中的宝贝;2015
男神时代;2015
报国忠烈之赵一曼;2015
我的诗篇;2015
战火中的军鞋;2015
这里的黎明静悄悄;2015
东莞女孩;2015
终结者2018;2015
2015香港主题电影展映;2015
终极审判;2015
姐妹2再见青春;2015
诱狼;2015
情敌蜜月;2015
心跳戈壁;2015
人生没有单行道;2015
犹太女孩在上海2—项链密码;2015
诡劫;2015
启功;2015
魔镜奇缘;2015
大变局之梦回甲午;2015
亚马逊萌猴奇遇记;2015
穿越硝烟的歌声;2015
泰恋;2015
大山之恋;2015
穷途;2015
清凉寺的钟声;2015
落跑吧爱情;2015
角逐;2015
血战台儿庄;2015
八女投江;2015
简装男神;2015
第三种爱情;2015
小黄人大眼萌;2015
索命暹罗之按摩师;2015
少年杨靖宇;2015
幸福很_;2015
希望之火;2015
九层妖塔;2015
解救吾先生;2015
像素大战;2015
碟中谍5：神秘国度;2015
漫瀚调;2015
新加坡电影展映周;2015
蚀之江枫渔火;2015
1980年代的爱情;2015
湖杀令;2015
路边野餐;2015
使命召唤;2015
纯真年代;2015
2015年俄罗斯电影节;2015
放飞理想;2015
赤狼蚁;2015
铁道游击队;2015
猛龙特_;2015
龙刀传奇;2015
谁家有女;2015
侗族大歌;2015
旗;2015
缉毒刑警;2015
暗杀;2015
来电不善;2015
燃烧的影像;2015
无敌英雄;2015
圣哲老子（戏曲）;2015
铁血残阳;2015
天眼传奇;2015
将离草;2015
爱情攻略;2015
坏蛋必须死;2015
诡宅;2015
梦开始的地方;2015
黄河;2015
听风捉影;2015
幸运是我;2015
坐怀不乱柳下惠;2015
黄河绝恋;2015
巴啦啦小魔仙之魔箭公主;2015
公鸡母鸡拖拉机;2015
报国忠烈之杨靖宇;2015
既然青春留不住;2015
惊魂时刻;2015
第二届丝绸之路国际电影节（2015）;2015
奇幻女侠;2015
圩堡枪声;2015
遥远的天熊山;2015
诡打墙;2015
超萌特攻队—长江7号;2015
恋爱、美食、蟹黄包;2015
奇葩朵朵;2015
除暴特警;2015
逆转胜;2015
留爱;2015
老炮儿;2015
仫佬行者;2015
鄂尔多斯骑士;2015
诡影迷情;2015
极地大反攻;2015
警犬嬷嬷历险记;2015
妮莎罕;2015
月满轩尼诗;2015
蚁人;2015
头脑特工队;2015
怨宅惊魂;2015
七彩田野;2015
上善若水;2015
第八届欧盟电影节;2015
霓虹灯下的哨兵;2015
情人湖;2015
小爸小妈;2015
这里是新疆;2015
熊庆来;2015
消失的凶手;2015
妈妈，让我再爱你一次;2015
家有虎妻;2015
君子道;2015
陪安东尼度过漫长岁月;2015
小门神;2015
喜马拉雅天梯;2015
宅男总动员女神归来;2015
当爸爸来敲门;2015
家在水草丰茂的地方;2015
小王子;2015
零点杀机;2015
爱在烂漫时;2015
我的童年谁做主;2015
花为媒;2015
灵臆事件;2015
山河故人;2015
魔卡行动;2015
笔仙魔咒;2015
守信少年;2015
回到被爱的每一天;2015
莫日根;2015
中华熊猫;2015
我是证人;2015
青花运;2015
幸存者;2015
决战黄桥;2015
探灵档案;2015
痞子·洛克;2015
魔比斯环;2015
小飞侠：幻梦启航;2015
喋血黑谷;2015
李双双;2015
喜当爹;2015
前任2：备胎反击战;2015
我的处女地;2015
追捕野狼帮;2015
小飞侠;2015
倾城之恋;2015
名侦探柯南：业火的向日葵;2015
遥远的拥抱;2015
_贼;2015
十七岁;2015
塔洛;2015
二狗返乡记;2015
精灵旅社2;2015
小棉袄;2015
剩者为王;2015
姚期;2015
移动迷宫2;2015
钢铁是这样炼成的;2015
绝命海拔;2015
韩国钧;2015
雨夜惊魂;2015
世界;2015
杨锅三的愤怒;2015
花都之恋;2015
你在哪里;2015
我在这里;2015
巴彦岱;2015
史努比：花生大电影;2015
激战黎明;2015
巴士进行曲;2015
我的青春期;2015
时尚女郎之女人江湖;2015
见习警员白忆男之初来乍到;2015
知音;2015
全力扣杀;2015
梦幻佳期;2015
桃花扇;2015
十月初五的月光;2015
遭遇海明威;2015
007：幽灵党;2015
年少轻狂;2015
男“二”本色;2015
怨相;2015
新加坡电影周;2015
董小宛;2015
水晶女孩;2015
2015年德国电影周;2015
广东第三届香港电影展映周;2015
我很帅;2015
一刻十年;2015
断刀客;2015
饥饿游戏3：嘲笑鸟（下）;2015
玩命速递：重启之战;2015
火星救援;2015
第四届香港主题电影展城都展映;2015
青春激荡的年代;2015
感恩的心;2015
大音;2015
杜拉拉追婚记;2015
从天儿降;2015
风云小棋王之生死决;2015
青春检察官;2015
光荣使命;2015
村长相声哥;2015
临时演员;2015
不速之客;2015
乌珠穆沁的孩子;2015
擦枪走火;2015
火云端;2015
魅影迷情;2015
不可思异;2015
等到满山红叶时;2015
怦然星动;2015
通灵神探;2015
海绵宝宝;2015
桑榆街9号;2015
极盗者;2015
神秘的大佛;2015
廊桥遗梦;2015
万万没想到;2015
祖山魂;2015
咱们分手吧;2015
这样一位将军;2015
心灵的故事;2015
幸福从天而降;2015
致无悔的青春;2015
星探;2015
白居易在龙门;2015
电商时代;2015
火红青春;2015
罗曼·波兰斯基早期电影回顾展;2015
消失爱人;2015
余之香;2015
说谎世界;2015
2015中国（广州）国际纪录片节;2015
箭士柳白猿;2015
恋爱教父之三个“坏”家伙;2015
钢刀;2015
红鹰突击队之狙击;2015
咕噜咕噜美人鱼;2015
正果;2015
受降前夕;2015
糯米的苹果;2015
唐人街·探案;2015
奇袭胡家台;2015
何帅的爱情;2015
闹在碗中;2015
日本战犯忏悔备忘录;2015
好人高峰;2015
大追求;2015
新婚第一夜;2015
游园惊梦;2015
没女神探;2015
圣诞大赢家;2015
我不是明星;2015
警察老于;2015
紫霞;2015
恶棍天使;2015
北京时间;2015
寻龙诀;2015
甜甜蜜蜜;2015
少年圆瑛;2015
老人，孩子和外国人;2015
乡村不寂寞;2015
最美的承诺;2015
美人鱼;2015
爱情不等式;2015
2014中国（广州）国际纪录片节展映;2015
侠僧探案传奇之催命符;2015
顾家姆妈;2015
折腾就是爱3：少女烦恼;2015
喋血神兵;2015
敌后文工队;2015
诡娃娃;2015
旺都之恋;2015
深流不息;2015
分手再说我爱你;2015
梦行者;2015
一切都好;2015
七品知县进道观（豫剧）;2015
母亲的飞机场;2015
一个人的恋情;2015
暗剑;2015
天降;2015
山里的人;2015
渡河！渡河！;2015
我要上学;2015
不是钱的事;2015
守卫者;2015
闺蜜心窍;2015
恐怖夜;2015
皇帝的新装之圣诞大明星;2015
最后的巫师猎人;2015
油菜花儿开;2015
平凡之路;2015
谍战锦屏山;2015
熊出没之熊心归来;2015
探秘者;2015
根据地;2015
诡梦凶铃;2015
一念天堂;2015
胜利大阅兵;2015
生死底线;2015
东方欲晓;2015
风口青春;2015
青春笔记;2015
狂暴飞车;2015
冰美人;2015
舌尖上的新年;2015
云中行走;2015
爱在初心;2015
大唐女巡按（吉剧）;2015
打开天窗说亮话;2015
情花谷;2015
诡新娘;2015
叶问3;2015
你是不是我的爱人;2015
龙潭夺宝;2015
津门奇案之开枪;2015
夺命枪火;2015
夜郎侠之一路危途;2015
催命符之劫后重生;2015
火车快跑;2015
白石山下一家人;2015
追梦英雄;2015
星球大战：原力觉醒;2015
同城邂逅;2015
敬礼检察官;2015
浴血反击;2015
娘家人;2015
红鹰突击队之生死一线;2015
偷天换日;2015
